{
    "metadata": {
        "shots": 500,
        "num_trials": 3,
        "evolution_only": false,
        "noise_probability": 0.0,
        "precision": "float64",
        "timestamp": 1783929818.932692
    },
    "results": {
        "qpp-cpu_ghz": {
            "4": {
                "mean": 0.0006666320000476844,
                "std": 0.00013845462841729792,
                "min": 0.0005745329999626847,
                "raw": [
                    0.00082585400014068,
                    0.0005995090000396885,
                    0.0005745329999626847
                ]
            },
            "6": {
                "mean": 0.0005922273330725147,
                "std": 3.074922304151741e-05,
                "min": 0.000562569999601692,
                "raw": [
                    0.000623962999725336,
                    0.0005901489998905163,
                    0.000562569999601692
                ]
            },
            "8": {
                "mean": 0.001089412999893587,
                "std": 7.215423818797261e-05,
                "min": 0.0010324390000278072,
                "raw": [
                    0.0011705469996741158,
                    0.0010324390000278072,
                    0.0010652529999788385
                ]
            },
            "10": {
                "mean": 0.0030989580001611707,
                "std": 8.567794292124216e-05,
                "min": 0.003026357000180724,
                "raw": [
                    0.0031934610001371766,
                    0.003026357000180724,
                    0.003077056000165612
                ]
            },
            "12": {
                "mean": 0.014683585666565099,
                "std": 0.00011251084171665721,
                "min": 0.014555377999840857,
                "raw": [
                    0.014555377999840857,
                    0.014729502000136563,
                    0.014765876999717875
                ]
            },
            "14": {
                "mean": 0.0748265969999314,
                "std": 0.0015494982728423076,
                "min": 0.07334434199992756,
                "raw": [
                    0.07334434199992756,
                    0.07469989099990926,
                    0.07643555799995738
                ]
            },
            "16": {
                "mean": 0.3991074950001045,
                "std": 0.01681536538357055,
                "min": 0.37969461800003046,
                "raw": [
                    0.37969461800003046,
                    0.40914810100002796,
                    0.40847976600025504
                ]
            },
            "18": {
                "mean": 2.424426560000029,
                "std": 0.40481735407936603,
                "min": 2.000517087999924,
                "raw": [
                    2.4657862789999854,
                    2.8069763130001775,
                    2.000517087999924
                ]
            }
        },
        "qpp-cpu_hea": {
            "4": {
                "mean": 0.0007689103332874462,
                "std": 0.00013224197090957985,
                "min": 0.0006584090001524601,
                "raw": [
                    0.0009154300000773219,
                    0.0007328919996325567,
                    0.0006584090001524601
                ]
            },
            "6": {
                "mean": 0.0010145820000010037,
                "std": 2.563534596141695e-05,
                "min": 0.0009875270002339676,
                "raw": [
                    0.0009875270002339676,
                    0.0010385109999333508,
                    0.001017707999835693
                ]
            },
            "8": {
                "mean": 0.0024746056665208016,
                "std": 3.308313101614907e-05,
                "min": 0.002438240000174119,
                "raw": [
                    0.0025029199996424722,
                    0.002438240000174119,
                    0.0024826569997458137
                ]
            },
            "10": {
                "mean": 0.00889685099991766,
                "std": 0.00012153302221384538,
                "min": 0.008807697000065673,
                "raw": [
                    0.008807697000065673,
                    0.008847571999922366,
                    0.009035283999764943
                ]
            },
            "12": {
                "mean": 0.05559267166669694,
                "std": 0.014703788549635182,
                "min": 0.04407310000033249,
                "raw": [
                    0.05055079099975046,
                    0.07215412400000787,
                    0.04407310000033249
                ]
            },
            "14": {
                "mean": 0.2291049536667439,
                "std": 0.011652218388511274,
                "min": 0.22077291899995544,
                "raw": [
                    0.22412181300023803,
                    0.22077291899995544,
                    0.2424201290000383
                ]
            },
            "16": {
                "mean": 1.1448292953335415,
                "std": 0.0027167457146308966,
                "min": 1.1417976680004358,
                "raw": [
                    1.1470434170000772,
                    1.1417976680004358,
                    1.1456468010001117
                ]
            },
            "18": {
                "mean": 6.225438074000067,
                "std": 0.8202963681942558,
                "min": 5.673675684000045,
                "raw": [
                    5.673675684000045,
                    7.168068720000065,
                    5.834569818000091
                ]
            }
        },
        "nvidia_ghz": {
            "4": {
                "mean": 0.00091625566650085,
                "std": 7.110592852678097e-05,
                "min": 0.0008341630000359146,
                "raw": [
                    0.0009560179996697116,
                    0.0008341630000359146,
                    0.0009585859997969237
                ]
            },
            "6": {
                "mean": 0.0006918376667878571,
                "std": 1.4228719167945912e-05,
                "min": 0.0006754519999958575,
                "raw": [
                    0.0006989870003053511,
                    0.0007010740000623628,
                    0.0006754519999958575
                ]
            },
            "8": {
                "mean": 0.0007557306666967634,
                "std": 1.019143015126874e-05,
                "min": 0.0007446930003425223,
                "raw": [
                    0.0007577149999633548,
                    0.000764783999784413,
                    0.0007446930003425223
                ]
            },
            "10": {
                "mean": 0.0009352703333812921,
                "std": 8.579266141945472e-05,
                "min": 0.0008371049998459057,
                "raw": [
                    0.0009958880000340287,
                    0.0009728180002639419,
                    0.0008371049998459057
                ]
            },
            "12": {
                "mean": 0.0010108636665790982,
                "std": 9.331211123855138e-06,
                "min": 0.001002247999622341,
                "raw": [
                    0.0010207750001427485,
                    0.0010095679999722051,
                    0.001002247999622341
                ]
            },
            "14": {
                "mean": 0.0010940853332310023,
                "std": 1.8271197128867725e-05,
                "min": 0.0010739479998846946,
                "raw": [
                    0.0010987040000145498,
                    0.0011096039997937623,
                    0.0010739479998846946
                ]
            },
            "16": {
                "mean": 0.0015146943331577252,
                "std": 9.221775999560634e-05,
                "min": 0.0014433489996008575,