{
    "metadata": {
        "shots": 500,
        "num_trials": 3,
        "evolution_only": false,
        "noise_probability": 0.0,
        "precision": "float64",
        "timestamp": 1783928541.8918464
    },
    "results": {
        "qpp-cpu_ghz": {
            "4": {
                "mean": 0.01604660666672923,
                "std": 8.673748823044836e-05,
                "min": 0.01598304599997391,
                "raw": [
                    0.016145420000157173,
                    0.0160113540000566,
                    0.01598304599997391
                ]
            },
            "6": {
                "mean": 0.023240955000043566,
                "std": 0.0010643920215640975,
                "min": 0.022020522000048004,
                "raw": [
                    0.023725323000007847,
                    0.022020522000048004,
                    0.023977020000074845
                ]
            },
            "8": {
                "mean": 0.0309007883333076,
                "std": 0.0031174969045381293,
                "min": 0.02739310399988426,
                "raw": [
                    0.02739310399988426,
                    0.03335527299987007,
                    0.031953988000168465
                ]
            },
            "10": {
                "mean": 0.01643852766665077,
                "std": 0.013691631516581178,
                "min": 0.0076097640001080435,
                "raw": [
                    0.032210746999908224,
                    0.009495071999936044,
                    0.0076097640001080435
                ]
            },
            "12": {
                "mean": 0.046102994333371804,
                "std": 0.006454302433219286,
                "min": 0.03918649199999891,
                "raw": [
                    0.03918649199999891,
                    0.047157183000081204,
                    0.05196530800003529
                ]
            },
            "14": {
                "mean": 0.1783190053333783,
                "std": 0.006823522386702643,
                "min": 0.1709754519999933,
                "raw": [
                    0.17951800500009085,
                    0.18446355900005074,
                    0.1709754519999933
                ]
            },
            "16": {
                "mean": 0.632331832000015,
                "std": 0.19792046986006007,
                "min": 0.4044808290000219,
                "raw": [
                    0.7616018020000865,
                    0.7309128649999366,
                    0.4044808290000219
                ]
            },
            "18": {
                "mean": 2.1252466976667015,
                "std": 0.3331833010132047,
                "min": 1.9066406720000941,
                "raw": [
                    2.508720581000034,
                    1.9603788399999758,
                    1.9066406720000941
                ]
            }
        },
        "qpp-cpu_hea": {
            "4": {
                "mean": 0.0007549926666191217,
                "std": 0.00010917494410632718,
                "min": 0.000690281999823128,
                "raw": [
                    0.0008810419999463193,
                    0.000690281999823128,
                    0.0006936540000879177
                ]
            },
            "6": {
                "mean": 0.0010057149999435449,
                "std": 2.1099666637773764e-05,
                "min": 0.0009829269999954704,
                "raw": [
                    0.0010096439998505957,
                    0.0010245739999845682,
                    0.0009829269999954704
                ]
            },
            "8": {
                "mean": 0.002615564666712089,
                "std": 0.00028668977625127264,
                "min": 0.002384685000151876,
                "raw": [
                    0.0025255489999835845,
                    0.002384685000151876,
                    0.0029364600000008068
                ]
            },
            "10": {
                "mean": 0.012856011333345426,
                "std": 0.0016817076600052626,
                "min": 0.011377983000102176,
                "raw": [
                    0.011377983000102176,
                    0.014685765999956857,
                    0.012504284999977244
                ]
            },
            "12": {
                "mean": 0.049814809666637906,
                "std": 0.011107982340979884,
                "min": 0.04307849599990732,
                "raw": [
                    0.06263568200006375,
                    0.043730250999942655,
                    0.04307849599990732
                ]
            },
            "14": {
                "mean": 0.21921971300010532,
                "std": 0.003093692080857033,
                "min": 0.21645639400003347,
                "raw": [
                    0.22256198000013683,
                    0.21864076500014562,
                    0.21645639400003347
                ]
            },
            "16": {
                "mean": 1.49268223333335,
                "std": 0.6036766838448754,
                "min": 1.133964123999931,
                "raw": [
                    1.133964123999931,
                    1.1544347510000534,
                    2.1896478250000655
                ]
            },
            "18": {
                "mean": 6.287598297333337,
                "std": 0.19504404704554035,
                "min": 6.064863229999901,
                "raw": [
                    6.064863229999901,
                    6.42784484799995,
                    6.37008681400016
                ]
            }
        },
        "nvidia_ghz": {
            "4": {
                "mean": 0.0008309476666757595,
                "std": 0.0001879828136713172,
                "min": 0.0006243529999210296,
                "raw": [
                    0.0009919210001498868,
                    0.000876568999956362,
                    0.0006243529999210296
                ]
            },
            "6": {
                "mean": 0.0014178613332660461,
                "std": 0.001218489907526037,
                "min": 0.0007092799999099952,
                "raw": [
                    0.002824839999902906,
                    0.000719463999985237,
                    0.0007092799999099952
                ]
            },
            "8": {
                "mean": 0.0012084559999342066,
                "std": 0.0008458782955852263,
                "min": 0.0007049470000310976,
                "raw": [
                    0.0021850339999218704,
                    0.0007353869998496521,
                    0.0007049470000310976
                ]
            },
            "10": {
                "mean": 0.0009015386666154276,
                "std": 8.379514163267914e-05,
                "min": 0.0008289009999771224,
                "raw": [
                    0.0009932149998803652,
                    0.0008289009999771224,
                    0.000882499999988795
                ]
            },
            "12": {
                "mean": 0.0009721779999078232,
                "std": 8.342854197123094e-05,
                "min": 0.0009104219998334884,
                "raw": [
                    0.001067086999910316,
                    0.0009390249999796652,
                    0.0009104219998334884
                ]
            },
            "14": {
                "mean": 0.001050203333382645,
                "std": 3.904367625549925e-05,
                "min": 0.0010155920001579943,
                "raw": [
                    0.0010925280000719795,
                    0.0010424899999179615,
                    0.0010155920001579943
                ]
            },
            "16": {
                "mean": 0.00142125500004416,
                "std": 0.00015135966338815737,
                "min": 0.0012927410000429518,