{
    "metadata": {
        "shots": 500,
        "evolution_only": false,
        "timestamp": 1720807200.0
    },
    "results": {
        "cpu_qpp": {
            "4": 0.01759515300000203,
            "6": 0.017853916000149184,
            "8": 0.018217155000002094,
            "10": 0.023110133000045607,
            "12": 0.041453509999882954,
            "14": 0.11730903399984527,
            "16": 0.5428062839996528,
            "18": 2.171225135998611
        },
        "gpu_nvidia": {
            "4": 0.022146316000089428,
            "6": 0.02302905499982444,
            "8": 0.02184195700010605,
            "10": 0.01980632999993759,
            "12": 0.02185616699989623,
            "14": 0.020964672999980394,
            "16": 0.021541176000027917,
            "18": 0.02235012399989211
        }
    }
}