{
    "metadata": {
        "shots": 500,
        "evolution_only": false,
        "noise_probability": 0.0,
        "precision": "float64",
        "timestamp": 1720807200.0
    },
    "results": {
        "qpp-cpu_ghz": {
            "4": 0.017595, "6": 0.017853, "8": 0.018217, "10": 0.023110, "12": 0.041453, "14": 0.117309, "16": 0.542806, "18": 2.171225
        },
        "qpp-cpu_hea": {
            "4": 0.025310, "6": 0.028120, "8": 0.035410, "10": 0.050210, "12": 0.100410, "14": 0.250810, "16": 1.200100, "18": 4.801000
        },
        "nvidia_ghz": {
            "4": 0.022146, "6": 0.023029, "8": 0.021841, "10": 0.019806, "12": 0.021856, "14": 0.020964, "16": 0.021541, "18": 0.022350
        },
        "nvidia_hea": {
            "4": 0.028146, "6": 0.029029, "8": 0.028841, "10": 0.027806, "12": 0.029856, "14": 0.028964, "16": 0.029541, "18": 0.030350
        },
        "nvidia-mqpu_ghz": {
            "4": 0.055146, "6": 0.056029, "8": 0.055841, "10": 0.054806, "12": 0.055856, "14": 0.054964, "16": 0.055541, "18": 0.056350
        },
        "nvidia-mqpu_hea": {
            "4": 0.065146, "6": 0.066029, "8": 0.065841, "10": 0.064806, "12": 0.065856, "14": 0.064964, "16": 0.065541, "18": 0.066350
        }
    }
}