{
    "metadata": {
        "shots": 500,
        "num_trials": 3,
        "evolution_only": false,
        "noise_probability": 0.0,
        "precision": "float32",
        "timestamp": 1783929864.7872913
    },
    "results": {
        "qpp-cpu_ghz": {
            "4": {
                "mean": 0.0006782940001054764,
                "std": 0.00015381502474143515,
                "min": 0.000548026000160462,
                "raw": [
                    0.000847982999857777,
                    0.0006388730002981902,
                    0.000548026000160462
                ]
            },
            "6": {
                "mean": 0.0006322020000576837,
                "std": 2.226275143553842e-05,
                "min": 0.0006180430000313208,
                "raw": [
                    0.0006578630000149133,
                    0.000620700000126817,
                    0.0006180430000313208
                ]
            },
            "8": {
                "mean": 0.0010844866666654223,
                "std": 1.5551709998237202e-05,
                "min": 0.001066593999894394,
                "raw": [
                    0.0010947539999506262,
                    0.0010921120001512463,
                    0.001066593999894394
                ]
            },
            "10": {
                "mean": 0.0033559716665270876,
                "std": 0.0001439762121798329,
                "min": 0.003226734999770997,
                "raw": [
                    0.0033300219997727254,
                    0.0035111580000375398,
                    0.003226734999770997
                ]
            },
            "12": {
                "mean": 0.015129441999912766,
                "std": 0.00013411544778700935,
                "min": 0.015008089999810181,
                "raw": [
                    0.015008089999810181,
                    0.01510679800003345,
                    0.015273437999894668
                ]
            },
            "14": {
                "mean": 0.07722896999985096,
                "std": 0.0012409671538631839,
                "min": 0.07623507299967969,
                "raw": [
                    0.07683197999995173,
                    0.07623507299967969,
                    0.07861985699992147
                ]
            },
            "16": {
                "mean": 0.7853098396667519,
                "std": 0.015507161304245967,
                "min": 0.7758505690003403,
                "raw": [
                    0.7758505690003403,
                    0.8032062399997812,
                    0.7768727100001342
                ]
            },
            "18": {
                "mean": 1.988924838333484,
                "std": 0.03357132526539643,
                "min": 1.9569082490002074,
                "raw": [
                    1.9860059729999193,
                    2.0238602930003253,
                    1.9569082490002074
                ]
            }
        },
        "qpp-cpu_hea": {
            "4": {
                "mean": 0.0007937916666378442,
                "std": 0.00010301856068927872,
                "min": 0.000701723000020138,
                "raw": [
                    0.0009050590001606906,
                    0.000701723000020138,
                    0.0007745929997327039
                ]
            },
            "6": {
                "mean": 0.0009653106664397152,
                "std": 2.5976445427314417e-06,
                "min": 0.0009632840001359,
                "raw": [
                    0.0009632840001359,
                    0.000964408999607258,
                    0.0009682389995759877
                ]
            },
            "8": {
                "mean": 0.0024504416666483544,
                "std": 1.9908271578042823e-05,
                "min": 0.002428592999876855,
                "raw": [
                    0.002428592999876855,
                    0.002467555999828619,
                    0.0024551760002395895
                ]
            },
            "10": {
                "mean": 0.008953970999906838,
                "std": 0.00013947967203355456,
                "min": 0.008819154999855527,
                "raw": [
                    0.009097688000110793,
                    0.008945069999754196,
                    0.008819154999855527
                ]
            },
            "12": {
                "mean": 0.044966756333299905,
                "std": 0.0023687838640889533,
                "min": 0.04356857899983879,
                "raw": [
                    0.04356857899983879,
                    0.047701763000077335,
                    0.04362992699998358
                ]
            },
            "14": {
                "mean": 0.22762382700011585,
                "std": 0.011215287147590772,
                "min": 0.22027933400022448,
                "raw": [
                    0.22205884000004517,
                    0.22027933400022448,
                    0.2405333070000779
                ]
            },
            "16": {
                "mean": 1.6379670206667167,
                "std": 0.5317389002304007,
                "min": 1.1267491210001026,
                "raw": [
                    2.1880898960002924,
                    1.599062044999755,
                    1.1267491210001026
                ]
            },
            "18": {
                "mean": 6.6601558243332875,
                "std": 0.8522339661890155,
                "min": 5.678829556999972,
                "raw": [
                    7.214472715999818,
                    5.678829556999972,
                    7.087165200000072
                ]
            }
        },
        "nvidia_ghz": {
            "4": {
                "mean": 0.0006532796666457822,
                "std": 0.0001297337503860345,
                "min": 0.0005442520000542572,
                "raw": [
                    0.0007967629999257042,
                    0.0006188239999573852,
                    0.0005442520000542572
                ]
            },
            "6": {
                "mean": 0.0006855310001204392,
                "std": 5.556943681772956e-05,
                "min": 0.0006292570001278364,
                "raw": [
                    0.0007403680001516477,
                    0.0006292570001278364,
                    0.0006869680000818335
                ]
            },
            "8": {
                "mean": 0.0007388833332697686,
                "std": 4.72715234438345e-05,
                "min": 0.0006947110000510293,
                "raw": [
                    0.0007331990000238875,
                    0.0007887399997343891,
                    0.0006947110000510293
                ]
            },
            "10": {
                "mean": 0.00078159666660819,
                "std": 9.842271059252092e-06,
                "min": 0.0007714829998803907,
                "raw": [
                    0.000791142999787553,
                    0.0007714829998803907,
                    0.0007821640001566266
                ]
            },
            "12": {
                "mean": 0.0009521706667025379,
                "std": 6.11904134407224e-05,
                "min": 0.0009059789999810164,
                "raw": [
                    0.0010215700003755046,
                    0.0009289629997510929,
                    0.0009059789999810164
                ]
            },
            "14": {
                "mean": 0.001032853333526873,
                "std": 6.046015371833989e-05,
                "min": 0.0009956460003195389,
                "raw": [
                    0.0009956460003195389,
                    0.0010002990002249135,
                    0.0011026150000361667
                ]
            },
            "16": {
                "mean": 0.0014135413333254594,
                "std": 7.470120148675458e-05,
                "min": 0.0013357479997466726,