{
    "metadata": {
        "shots": 500,
        "timestamp": 1782816947.2362776
    },
    "results": {
        "cpu_qpp": {
            "4": 0.017828702926635742,
            "6": 0.018079280853271484,
            "8": 0.019287109375,
            "10": 0.022313833236694336,
            "12": 0.03931021690368652,
            "14": 0.12221026420593262,
            "16": 0.5591299533843994
        },
        "gpu_nvidia": {
            "4": 0.02167201042175293,
            "6": 0.021366119384765625,
            "8": 0.022008419036865234,
            "10": 0.021804094314575195,
            "12": 0.02237391471862793,
            "14": 0.022054433822631836,
            "16": 0.022134065628051758
        }
    }
}