{
    "metadata": {
        "shots": 500,
        "evolution_only": false,
        "noise_probability": 0.0,
        "precision": "float32",
        "timestamp": 1720807205.0
    },
    "results": {
        "qpp-cpu_ghz": {
            "4": 0.017100, "6": 0.017300, "8": 0.017800, "10": 0.021000, "12": 0.038000, "14": 0.100000, "16": 0.480000, "18": 1.950000
        },
        "qpp-cpu_hea": {
            "4": 0.024000, "6": 0.026000, "8": 0.032000, "10": 0.045000, "12": 0.088000, "14": 0.220000, "16": 1.050000, "18": 4.100000
        },
        "nvidia_ghz": {
            "4": 0.022146, "6": 0.023029, "8": 0.021841, "10": 0.019806, "12": 0.020000, "14": 0.019000, "16": 0.018500, "18": 0.019000
        },
        "nvidia_hea": {
            "4": 0.028146, "6": 0.029029, "8": 0.028841, "10": 0.027806, "12": 0.028000, "14": 0.027000, "16": 0.026500, "18": 0.027000
        },
        "nvidia-mqpu_ghz": {
            "4": 0.055146, "6": 0.056029, "8": 0.055841, "10": 0.054806, "12": 0.055000, "14": 0.054000, "16": 0.053500, "18": 0.054000
        },
        "nvidia-mqpu_hea": {
            "4": 0.065146, "6": 0.066029, "8": 0.065841, "10": 0.064806, "12": 0.065000, "14": 0.064000, "16": 0.063500, "18": 0.064000
        }
    }
}
