{
    "metadata": {
        "shots": 500,
        "num_trials": 3,
        "evolution_only": false,
        "noise_probability": 0.0,
        "precision": "float32",
        "timestamp": 1783928734.700866
    },
    "results": {
        "qpp-cpu_ghz": {
            "4": {
                "mean": 0.0006371363333528279,
                "std": 0.00016268302791079496,
                "min": 0.0005050070001288987,
                "raw": [
                    0.0008188389999759238,
                    0.0005875629999536613,
                    0.0005050070001288987
                ]
            },
            "6": {
                "mean": 0.0006463610000840466,
                "std": 4.1411920458741827e-05,
                "min": 0.0006171950001316873,
                "raw": [
                    0.0006937610000932182,
                    0.0006281270000272343,
                    0.0006171950001316873
                ]
            },
            "8": {
                "mean": 0.0011126886666564435,
                "std": 8.898032708810696e-05,
                "min": 0.0010156810001262784,
                "raw": [
                    0.0010156810001262784,
                    0.0011318729998492927,
                    0.0011905119999937597
                ]
            },
            "10": {
                "mean": 0.0032022266667202834,
                "std": 3.324462975169429e-05,
                "min": 0.003182911000067179,
                "raw": [
                    0.0032406140001057793,
                    0.003182911000067179,
                    0.0031831549999878916
                ]
            },
            "12": {
                "mean": 0.014657797000078668,
                "std": 0.00041846657710807925,
                "min": 0.014228380000076868,
                "raw": [
                    0.014228380000076868,
                    0.015064378000033685,
                    0.014680633000125454
                ]
            },
            "14": {
                "mean": 0.07634264666664119,
                "std": 0.0021951392630631195,
                "min": 0.0745839609999166,
                "raw": [
                    0.07564119699986804,
                    0.0788027820001389,
                    0.0745839609999166
                ]
            },
            "16": {
                "mean": 0.39234175933332455,
                "std": 0.022000042745791686,
                "min": 0.37360059000002366,
                "raw": [
                    0.386860464999927,
                    0.41656422300002305,
                    0.37360059000002366
                ]
            },
            "18": {
                "mean": 1.9178819380000884,
                "std": 0.010638741415520054,
                "min": 1.9083620900000824,
                "raw": [
                    1.9159178610000254,
                    1.9083620900000824,
                    1.9293658630001573
                ]
            }
        },
        "qpp-cpu_hea": {
            "4": {
                "mean": 0.0007454566666638129,
                "std": 0.00012921146076435937,
                "min": 0.000660237999909441,
                "raw": [
                    0.0008941270000377699,
                    0.0006820050000442279,
                    0.000660237999909441
                ]
            },
            "6": {
                "mean": 0.0009877126666045417,
                "std": 2.0458747995170898e-05,
                "min": 0.0009708129998671211,
                "raw": [
                    0.0010104579998824192,
                    0.000981867000064085,
                    0.0009708129998671211
                ]
            },
            "8": {
                "mean": 0.0023761696666042553,
                "std": 0.00018972574762636762,
                "min": 0.002260539999952016,
                "raw": [
                    0.002272837999953481,
                    0.002260539999952016,
                    0.002595130999907269
                ]
            },
            "10": {
                "mean": 0.008863109999992957,
                "std": 0.00011839315383895712,
                "min": 0.008739460000015242,
                "raw": [
                    0.008739460000015242,
                    0.008874438000020746,
                    0.008975431999942884
                ]
            },
            "12": {
                "mean": 0.04136655033335046,
                "std": 0.00011600079689111846,
                "min": 0.04126369200002955,
                "raw": [
                    0.04126369200002955,
                    0.0414922850000039,
                    0.04134367400001793
                ]
            },
            "14": {
                "mean": 0.21583120433335048,
                "std": 0.0026944378496850645,
                "min": 0.2127253829999063,
                "raw": [
                    0.2175434910000149,
                    0.21722473900013028,
                    0.2127253829999063
                ]
            },
            "16": {
                "mean": 1.655197916000058,
                "std": 0.5130313191647038,
                "min": 1.1260421770000448,
                "raw": [
                    2.1504200730000775,
                    1.6891314980000516,
                    1.1260421770000448
                ]
            },
            "18": {
                "mean": 6.10683501466671,
                "std": 0.8661927177403645,
                "min": 5.591629474000001,
                "raw": [
                    5.591629474000001,
                    7.106874491000099,
                    5.622001079000029
                ]
            }
        },
        "nvidia_ghz": {
            "4": {
                "mean": 0.0006697580000339561,
                "std": 0.00012166958667483212,
                "min": 0.0005646239999350655,
                "raw": [
                    0.0008030320000216307,
                    0.0006416180001451721,
                    0.0005646239999350655
                ]
            },
            "6": {
                "mean": 0.0012586413333792734,
                "std": 0.0011075747829536714,
                "min": 0.0006159280001156731,
                "raw": [
                    0.0025375530001383595,
                    0.0006224429998837877,
                    0.0006159280001156731
                ]
            },
            "8": {
                "mean": 0.0012303143332701438,
                "std": 0.0008820461933697413,
                "min": 0.0006777739999961341,
                "raw": [
                    0.0022475499999927706,
                    0.0007656189998215268,
                    0.0006777739999961341
                ]
            },
            "10": {
                "mean": 0.0012563016666717886,
                "std": 0.0009114929241719912,
                "min": 0.0007064569999783998,
                "raw": [
                    0.002308444999925996,
                    0.0007540030001109699,
                    0.0007064569999783998
                ]
            },
            "12": {
                "mean": 0.0008795570000377969,
                "std": 8.807507089488484e-05,
                "min": 0.0008184360001450841,
                "raw": [
                    0.0009805120000692114,
                    0.0008397229998990952,
                    0.0008184360001450841
                ]
            },
            "14": {
                "mean": 0.0010203293332627557,
                "std": 0.00010555453013553128,
                "min": 0.0009296380001160287,
                "raw": [
                    0.0011361949998445198,
                    0.0009951549998277187,
                    0.0009296380001160287
                ]
            },
            "16": {
                "mean": 0.0013635340000443346,
                "std": 0.0001803430368429385,
                "min": 0.0012462390000109735,